#, type: Wavelet, uMax: 37289.47137978341, nMax: 8, ellMax: 2
#, n, l, m, f
0.0,0.0,0.0,0.0009739106439870216
8.0,2.0,-2.0,0.0
