#, type: Wavelet, uMax: 37289.47137978341, nMax: 0, ellMax: 0
#, n, l, m, f
0.0,0.0,0.0,0.0009739106439870216
